feature,gain,gain_importance,rank
tfidf_score,34.78101348876953,0.3362959996078664,1
query_token_coverage,22.30675506591797,0.21568297586621338,2
title_token_coverage,11.519121170043945,0.1113778461267349,3
query_bullet_coverage,8.112509727478027,0.07843947874065473,4
brand_match,5.320626258850098,0.05144488750558135,5
exact_query_in_title,5.165503978729248,0.04994501740341952,6
title_token_count,4.733794689178467,0.045770840388239684,7
token_length_difference,4.075602054595947,0.039406806457689195,8
shared_token_count,3.7106285095214844,0.0358778942478459,9
bm25_score,3.6982548236846924,0.035758253655755,10
