segment,n_queries,reference_ndcg_at_10,semantic_ndcg_at_10,delta_ndcg_at_10
1 token,100,0.8101881822351343,0.8335493912400537,0.023361209004919368
2–3 tokens,1377,0.8315634488336869,0.8526670738971639,0.02110362506347698
4+ tokens,1657,0.8178335517893078,0.8376408473072965,0.019807295517988523
high,369,0.8718549663053959,0.8804688234004879,0.008613857095092024
low,1283,0.7757217826122323,0.8112930854498367,0.03557130283760434
medium,1482,0.8530812098004038,0.8634725771941093,0.010391367393705398
high agreement,1311,0.8492135799547066,0.8613841320235917,0.012170552068885015
high disagreement,427,0.8026784374969104,0.8467995891209578,0.044121151624047304
mixed,1312,0.8114761181158794,0.8308715577690108,0.0193954396531315
undefined,84,0.7203871366970094,0.767700933786554,0.047313797089544495
identifier-style,684,0.7999618629027191,0.8159516122456911,0.015989749342972107
other,2450,0.8302277421864995,0.8519744820785867,0.021746739892087266
