query_id,query,example_id,product_id,product_title,esci_label,relevance_gain,bm25_score,tfidf_score,xgb_score,bm25_rank,tfidf_rank,xgb_rank,delta_ndcg_at_10
18994,bowling ball detox machine,394633,B0062TPAGW,Sportime UltraFoam Junior Bowling Ball,I,0,0.2914506782159165,0.23012435541007606,0.36427992582321167,22,9,1,0.4183408223720876
18994,bowling ball detox machine,394615,B083VVX8N5,Pyramid Phoenix Personal Bowling Ball Revivor,E,3,0.28126405256953496,0.1945286206928813,0.36381933093070984,24,18,2,0.4183408223720876
18994,bowling ball detox machine,394645,B073XR26BX,Hammer Bowling Remove All Bowling Ball Cleaner- 8 Ounce Bottle,C,1,0.3280883059418131,0.2291077987025673,0.31401750445365906,19,10,3,0.4183408223720876
18994,bowling ball detox machine,394637,B007Y76T3O,Flaghouse Chrome Bowling Ball Ramp,I,0,0.2914506782159165,0.22307402136946503,0.2939409911632538,23,11,4,0.4183408223720876
18994,bowling ball detox machine,394641,B07C3BLR4B,"Brunswick Tzone Ocean Reef Bowling Ball Tzone Ocean Reef Bowling Ball, Green/Blue/Silver, 8 lb",C,1,0.3033528525095508,0.21104095053761965,0.21366983652114868,21,15,5,0.4183408223720876
18994,bowling ball detox machine,394638,B0738VGK6G,KR Clear Red Rose Bowling Ball- 14lbs,I,0,0.27176545417131426,0.17472336245522763,0.20444948971271515,25,22,6,0.4183408223720876
18994,bowling ball detox machine,394642,B07C364CKM,"Brunswick Tzone Ocean Reef Bowling Ball Tzone Ocean Reef Bowling Ball, Green/Blue/Silver, 10 lb",I,0,0.3033528525095508,0.21104095053761965,0.20205040276050568,20,14,7,0.4183408223720876
18994,bowling ball detox machine,394616,B08FQS9P9D,"Ionic Foot Bath Detox Machine, Ionic Detox Foot Bath | Portable Ion Cleanse | Regain Health With Basin, 100 Liners, 2 Arrays",I,0,1.2749028290138447,0.2513331392188484,0.1982644498348236,6,8,8,0.4183408223720876
18994,bowling ball detox machine,394630,B002LATNRI,Champion Sports Plastic Bowling Ball: Rubberized Soft Ball for Training & Kids Games,I,0,0.23250559722842778,0.19397720780194866,0.15817004442214966,30,19,9,0.4183408223720876
18994,bowling ball detox machine,394612,B07YVMZWQ6,Athletico Essential Bowling Bag & Seesaw Polisher Bundle - Single Ball Bowling Tote Bag with Padded Bowling Ball Holder,I,0,0.33299077488117357,0.2786430976583131,0.1553722470998764,17,6,10,0.4183408223720876
18994,bowling ball detox machine,394644,B07914ZLCF,"Bowlerstore Clear Skull Bowling Ball 15lbs, Clear, 15",I,0,0.2628874538535581,0.14417180507752225,0.1302994042634964,26,28,11,0.4183408223720876
18994,bowling ball detox machine,394618,B08FHR95LR,"Ionic Foot Bath Detox Machine, Ionic Foot Cleanse Ion Detox Foot Bath Spa Machine with 200 Pcs Tub Liners, Foot Basin",I,0,1.5071554833220575,0.30658818611457006,0.1054091528058052,2,4,12,0.4183408223720876
18994,bowling ball detox machine,394631,B0042SX0QC,"Sportime UltraFoam Bowling Ball, Weighted, Multi-Color, 1 Pound - 019899",I,0,0.25457115478613446,0.15495359549875232,0.0929536446928978,27,24,13,0.4183408223720876
18994,bowling ball detox machine,394632,B004KQ9ZEW,bowlingball.com Washable Giant Microfiber Bowling Ball Polisher Cleaner See Saw,C,1,0.24676488428161925,0.15054858359059953,0.08015156537294388,28,26,14,0.4183408223720876
18994,bowling ball detox machine,394609,B07PJ47CKG,Alley Cats Bowling Ball Seesaw 2 Pack | Black Microfiber | Great Value | Premium See Saw Polisher/Cleaner Towel,I,0,0.208418686436418,0.11719726666057112,0.05886878818273544,32,31,15,0.4183408223720876
18994,bowling ball detox machine,394623,B08T1CHT3F,"Boeetech Detox Foot Spa Machine, Ionic Foot Detox Machine Aqua Chi Cleanse Spa System with Professional Tub Basin, 200 Liners,2 Ion Cleanse Arrays",I,0,1.435449407463563,0.298291196355303,0.017035529017448425,5,5,16,0.4183408223720876
18994,bowling ball detox machine,394610,B07RV4SKKX,"Creating the Difference Portable Bowling Ball Spinner with 6 TruCut Sanding Pads (5"")",C,1,0.22597657889752032,0.1467804741501249,0.008480330929160118,31,27,17,0.4183408223720876
18994,bowling ball detox machine,394646,B0792FDVWG,HEALTHandMED IonizeMe Maxx Ionic Detox Foot Bath Machine 17.0V / 2.2 Amp (Starter) (New Elite),I,0,1.2361419404181673,0.1655744315600406,-0.03129953891038895,7,23,18,0.4183408223720876
18994,bowling ball detox machine,394621,B08SVPFF59,"veicomtech 2021 Upgrade Ionic Detox Foot Bath Machine, Foot Detox Machine Ionic Detox Foot SPA System with Wrist Strap, Far Infrared Waistbelt, Array and TENS Pads (Blue)",I,0,1.494818751502779,0.32215277381271445,-0.06604713946580887,3,3,19,0.4183408223720876
18994,bowling ball detox machine,394622,B08SWLR6T7,"Ionic foot detox machine Ion detox foot bath Machine, Portable Chi Detox Foot Spa Ionic Cleanse Bath Machine, Foot Bath Spa with 2 Foot Files, 100 Liners, 2 Arrays",I,0,1.6067407075652311,0.3546943822499383,-0.07208187133073807,1,1,20,0.4183408223720876
18994,bowling ball detox machine,394617,B08CK7HWY6,"veicomtech 2021 Upgrade Ionic Foot Bath Detox Machine, Foot Detox Machine Detox Foot Spa with Basin, 2 Arrays, Far Infrared Waist Belt, 2 TENS Pads, 1 Blue Bag",I,0,1.474712320804831,0.32702767599465543,-0.09291381388902664,4,2,21,0.4183408223720876
18994,bowling ball detox machine,394614,B083SSH7HL,IMPRESA Bowling Ball Towel 2 Pack 10 x 8 Inch - Microfiber Bowling Shammy Pad with EZ Grip - Bowling Towel That Wipes Dirt & Oil Clean Off - Cleaning Pad - Bowling Ball and Bowling Alley Accessories,I,0,0.33146678964144277,0.26275446707841366,-0.10339754074811935,18,7,22,0.4183408223720876
18994,bowling ball detox machine,394608,B07P1BVC2H,bowlingball.com Total Bowling Ball Resurfacing and Cleaning Kit (Set of 7 Abralon Pads + Monster Tac & Monster Pad),C,1,0.20315706461894883,0.10256317763888242,-0.13361337780952454,33,33,23,0.4183408223720876
18994,bowling ball detox machine,394636,B07215T466,Athletico Bowling Bag for Single Ball - Single Ball Tote Bag with Padded Ball Holder - Fits a Single Pair of Bowling Shoes Up to Mens Size 14 (Black),C,1,0.24365178649841973,0.19102331765853642,-0.13540463149547577,29,20,24,0.4183408223720876
18994,bowling ball detox machine,394634,B0091ZHBRU,Innovative Personal Ball Spinner- 1/3 Horsepower,I,0,0.0,0.08552447917658768,-0.1494627445936203,36,34,25,0.4183408223720876
18994,bowling ball detox machine,394626,B07L68JQ2N,"Vitaciti Dual Ionic Detox Foot Bath Machine Digital LCD Display Spa Chi Cleanse Cell Detoxification Machine with Black Aluminum Box, Two Arrays Holiday Gift",I,0,1.225380322455643,0.21453900708210039,-0.1508304923772812,8,13,26,0.4183408223720876
18994,bowling ball detox machine,394639,B0733GDZVP,Ionic Detox Foot Bath Tub Basin for All Detox Machines with 100 Liners,I,0,0.7863403135474766,0.2090161502346635,-0.17642560601234436,14,16,27,0.4183408223720876
18994,bowling ball detox machine,394613,B0813YLLCG,"Lane Ghost Bowling Ball Cleaner Spray Kit - USBC Approved - Oil, Scuff, and Belt Mark Cleaner - Restores Tack and Prolongs Lifespan of Ball",C,1,0.1803872815358786,0.13359750866400846,-0.19032512605190277,34,29,28,0.4183408223720876
18994,bowling ball detox machine,394620,B08RB158XW,"Dual Ionic Detox Foot Bath Machine, Digital LCD Display Ionic Ion Spa Chi Cleanse Cell Detoxification Machine with Aluminum Box, Waist Belts, 2 Arrays, 10 Liners",I,0,1.1831419688411786,0.2167572754592202,-0.19287510216236115,9,12,29,0.4183408223720876
18994,bowling ball detox machine,394627,B08G19BM7R,"Dual Ionic Foot Bath Detox Machine, ion Detox Foot Bath Spa Cleanse System for 2 Users with MP3 Music Player, 2 Array, 2 Wrist Band, 5 Liners",I,0,1.11936434334526,0.20379754014611207,-0.19980956614017487,10,17,30,0.4183408223720876
18994,bowling ball detox machine,394625,B0876ZQNYM,"Ionic Foot Detox Machine, Ionic Detox Foot Bath SPA System for 2 Users with MP3 Music Player, Including 2 Earphones, 2 Waist Straps, 2 Arrays, 5 Foot Basin Liners",I,0,1.0817899092786822,0.18252655281041713,-0.25349587202072144,11,21,31,0.4183408223720876
18994,bowling ball detox machine,394619,B07L698277,"Vitaciti Ion Ionic Detox Machine Foot Bath Aqua Cleanse SPA System with Professional Tub Basin,Liners,2 Ion Cleanse Arrays,Far Infrared Belt and Wrist Strap As Holiday Gift",I,0,0.8768757144624028,0.13306999235634803,-0.39337393641471863,13,30,32,0.4183408223720876
18994,bowling ball detox machine,394624,B092SHLZGH,"Dual Ionic Foot Bath Detox Machine, Foot Detox Spa, Ion Cleanse Color LCD with 2 Arrays, Waist Belt, Waist Strap, Shoulder Brace, 8 Tens Pads, 10 Liners (Blue+1 FIR belt+1 shoulder brace)",I,0,0.9982019047331152,0.1527964936581124,-0.4272889196872711,12,25,33,0.4183408223720876
18994,bowling ball detox machine,394635,B0716J6G8X,ZenToes Metatarsal Pads for Women and Men - 4 Pack Ball of Foot Cushions,I,0,0.0,0.06355056759881257,-0.561482310295105,37,35,34,0.4183408223720876
18994,bowling ball detox machine,394611,B07VDV7JTS,"Cell Spa 2 Pack CS-900 Twice Powerful 6.5"" x 5.5"" Ion Detox Foot Bath Arrays Flat Dual Coil Stainless Steel Aqua Ionic Cleanse Array Compatible With Most 1/4"" Plug Type Detox Machines",I,0,0.576075741824852,0.10787697421228222,-0.5837721824645996,15,32,35,0.4183408223720876
18994,bowling ball detox machine,394643,B07DMQXRJ9,"Cocktail Arcade Machine 1162 Games in 1 with 80's and 90's Classics Includes 2 Chrome Stools 5 YEAR WARRANTY NEW LARGE 26"" LED Monitor",I,0,0.5099624021012337,0.05562121768152041,-0.6985568404197693,16,36,36,0.4183408223720876
18994,bowling ball detox machine,394628,B07J273QYH,"Creating the Difference TruCut Sanding Pads | 3 Pack Low (5"")",I,0,0.0,0.0,-0.7700012922286987,39,39,37,0.4183408223720876
18994,bowling ball detox machine,394647,B07J2815WS,"Creating the Difference TruCut Sanding Pads | 3 Pack High (5"")",I,0,0.0,0.0,-0.7700012922286987,40,40,38,0.4183408223720876
18994,bowling ball detox machine,394640,B07CZZGHMV,"AirPhysio Natural Breathing Lung Expansion & Mucus Removal Device, Exerciser & Cleanse Therapy Aid Improves Sleep & Fitness, Treatment for COPD, Asthma, Bronchitis, Cystic Fibrosis,Pulmonary Relief",I,0,0.0,0.0,-0.8977161645889282,38,38,39,0.4183408223720876
18994,bowling ball detox machine,394629,B0026HDURA,"Penetrex Joint & Muscle Therapy, 2 Oz Cream – Intensive Concentrate for Relief & Recovery – Whole-Body Formula w/ Arnica, Vitamin B6 & MSM (DMSO2) for Your Back, Neck, Knee, Hand, Shoulder, Feet, etc.",I,0,0.0,0.0,-0.9946033954620361,35,37,40,0.4183408223720876
67057,melissa moore,1322114,B07BFLCGM6,RiffTrax Live: Samurai Cop,I,0,0.0,0.0,-0.6757495999336243,13,13,1,-0.6782912781298771
67057,melissa moore,1322108,B07CJN56RL,C.I.A. Code Name: Alexa,I,0,0.0,0.0,-0.6757495999336243,14,14,2,-0.6782912781298771
67057,melissa moore,1322109,B07P9S8DSF,Shock Cinema Volume 2,I,0,0.0,0.0,-0.6757495999336243,16,16,3,-0.6782912781298771
67057,melissa moore,1322110,B078NHPCH1,Revenge Of The Samurai Cop,I,0,0.0,0.0,-0.681297242641449,12,12,4,-0.6782912781298771
67057,melissa moore,1322119,B002E3A6SW,Miss March UNRATED,I,0,0.0,0.0,-0.6914719343185425,3,3,5,-0.6782912781298771
67057,melissa moore,1322113,B074XJBDMP,The Killing Zone,I,0,0.0,0.0,-0.6914719343185425,9,9,6,-0.6782912781298771
67057,melissa moore,1322111,B077SFYMR4,Stormswept,E,3,0.0,0.0,-0.7530691623687744,11,11,7,-0.6782912781298771
67057,melissa moore,1322118,B010AHRULE,Time Barbarians,I,0,0.0,0.0,-0.7609599828720093,4,4,8,-0.6782912781298771
67057,melissa moore,1322116,B01CXXACKE,Killing Zone,I,0,0.0,0.0,-0.7609599828720093,6,6,9,-0.6782912781298771
67057,melissa moore,1322115,B01G4E37KU,Samurai Cop,I,0,0.0,0.0,-0.7609599828720093,7,7,10,-0.6782912781298771
67057,melissa moore,1322112,B074ZRFFXW,101 Zombies,I,0,0.0,0.0,-0.7609599828720093,10,10,11,-0.6782912781298771
67057,melissa moore,1322120,1733282505,Naypo the Narwhal: and standing up for yourself,E,3,0.0,0.0,-0.7749215960502625,2,2,12,-0.6782912781298771
67057,melissa moore,1322107,B07MT3SDJC,Janelle Monae: Dirty Computer [Emotion Picture] Director's Cut,I,0,0.0,0.0,-0.7784404158592224,15,15,13,-0.6782912781298771
67057,melissa moore,1322121,1599552388,Shattered Silence: The Untold Story of a Serial Killer's Daughter,E,3,0.0,0.0,-0.8073648810386658,1,1,14,-0.6782912781298771
67057,melissa moore,1322117,B0147D7CME,Shattered Silence: The Untold Story of a Serial Killer's Daughter,E,3,0.0,0.0,-0.8073648810386658,5,5,15,-0.6782912781298771
67057,melissa moore,1322122,B01LD7YC1G,"Whole: How I Learned to Fill the Fragments of My Life with Forgiveness, Hope, Strength, and Creativity",E,3,0.0,0.0,-0.8130567073822021,8,8,16,-0.6782912781298771
78865,pentrrex 4oz,1550039,B06X3VZXTC,"JointFlex Pain Relief Cream for Joint & Arthritis Pain, 4 Ounce Tube",I,0,0.0,0.0,-0.8073648810386658,5,5,1,-0.6559887626015177
78865,pentrrex 4oz,1550028,B07KLVMYFJ,"Heel Traumeel S Cream Tube - Pain Relief, 50 Grams (Pack of 2)",I,0,0.0,0.0,-0.8131049871444702,10,10,2,-0.6559887626015177
78865,pentrrex 4oz,1550032,B07QDBRJ1P,"ArnitRX Pain Relief Cream 4 oz Jar! Anti-inflammatory & Penetrative Recovery Formula with Arnica, Ilex, MSM & Vitamin B6! (1 Pack)",I,0,0.0,0.0,-0.829498827457428,13,13,3,-0.6559887626015177
78865,pentrrex 4oz,1550035,B07GX4VMSQ,Plantar Fasciitis Foot Pain Relief Cream Fast Acting PLANTARCARE CF Inflamed Tissue Relief Across The Bottom of The Foot. | Capsaicin-Free Formula.,I,0,0.0,0.0,-0.866644561290741,9,9,4,-0.6559887626015177
78865,pentrrex 4oz,1550030,B07VNN99R1,"Hemp Cream 3,000,000 Super Efficiency - Natural Seed Oil Extract - Extra Strength Massage Lotion with Arnica, Menthol and Natural Oils",I,0,0.0,0.0,-0.866644561290741,15,15,5,-0.6559887626015177
78865,pentrrex 4oz,1550031,B07QL2Y1MG,"SaltWrap Joint Clinic - Joint Recovery Multivitamin Supplement - Tendon, Ligament, Cartilage Support – Repair and Rebuild with Cissus, C3 Curcumin Turmeric, Type 2 Collagen, 224caps",I,0,0.0,0.0,-0.8789622783660889,14,14,6,-0.6559887626015177
78865,pentrrex 4oz,1550043,B07BMKC87P,Penetrex Joint & Muscle Therapy (Value Bundle) :: Home & Travel Solution Contains One Large (4 Oz.) & One Travel-Ready (TSA Approved 2 Oz. Size) for On-The-Go Relief,E,3,0.0,0.0,-0.8980869650840759,8,8,7,-0.6559887626015177
78865,pentrrex 4oz,1550034,B07P8WVD1Z,"Probelle Maximum Relief Pain Cream, Natural Anti-Inflammatory for a Cool, Speedy Recovery for Arthritis, Back Pain, Muscle Pain. Relieves, Soothes and Relaxes. (3 oz)",I,0,0.0,0.0,-0.8980869650840759,11,11,8,-0.6559887626015177
78865,pentrrex 4oz,1550042,B0026HDURA,"Penetrex Joint & Muscle Therapy, 2 Oz Cream – Intensive Concentrate for Relief & Recovery – Whole-Body Formula w/ Arnica, Vitamin B6 & MSM (DMSO2) for Your Back, Neck, Knee, Hand, Shoulder, Feet, etc.",E,3,0.0,0.0,-0.9885624647140503,1,1,9,-0.6559887626015177
78865,pentrrex 4oz,1550041,B00YFARSL0,"Penetrex Joint & Muscle Therapy, 2 Oz. Cream (Pack of 6) – Intensive Concentrate for Soothing Relief & Recovery with Arnica, Vitamin B6 & MSM (DMSO2) for Your Back, Neck, Knee, Hand, Shoulder, Foot",E,3,0.0,0.0,-0.9885624647140503,3,3,10,-0.6559887626015177
78865,pentrrex 4oz,1550040,B01DE8KXQU,"Penetrex Joint & Muscle Therapy, 4 Oz. Cream (Pack of 3) – Intensive Concentrate for Soothing Relief & Recovery with Arnica, Vitamin B6 & MSM (DMSO2) for Your Back, Neck, Knee, Hand, Shoulder, Foot",E,3,0.0,0.0,-0.9885624647140503,4,4,11,-0.6559887626015177
78865,pentrrex 4oz,1550038,B071NWDQQ7,"Penetrex Joint & Muscle Therapy, 3 Oz Roll-on Gel – Intensive Concentrate for Relief & Recovery – Whole-Body Formula w/ Arnica, Vitamin B6 & MSM (DMSO2) for Your Back, Neck, Knee, Hand, Shoulder, etc",S,2,0.0,0.0,-0.9885624647140503,6,6,12,-0.6559887626015177
78865,pentrrex 4oz,1550033,B07PKRTDR7,"Penetrex Joint & Muscle Therapy “Trio” Bundle – Contains (1) Large 4 Oz. Jar for Home, (1) Classic 2 Oz. Jar for Work, and (1) 3 Oz. Roll-On for Convenient On-The-Go Relief!",E,3,0.0,0.0,-0.9885624647140503,12,12,13,-0.6559887626015177
78865,pentrrex 4oz,1550036,B00DI7U88G,"Penetrex Joint & Muscle Therapy, 4 Oz Cream – Intensive Concentrate for Relief & Recovery – Whole-Body Formula w/Arnica, Vitamin B6 & MSM (DMSO2) for Your Back, Neck, Knee, Hand, Shoulder, Feet, etc.",E,3,0.0,0.0,-0.9974949955940247,2,2,14,-0.6559887626015177
78865,pentrrex 4oz,1550037,B07B1FWXJS,"AcuPlus Pain Relief Cream - Advanced Therapy for Relief and Recovery from Bursitis, Tendonitis, Joint Pain, Arthritis Pain, and Muscle Pain - Back Pain Relief (2 Ounce (Pack of 1))",E,3,0.0,0.0,-0.9974949955940247,7,7,15,-0.6559887626015177
78865,pentrrex 4oz,1550029,B084ZN7TVV,"Voltaren Arthritis Pain Gel for Topical Arthritis Pain Relief, Top Recommended Topical Pain Relief Brand, Amazon Exclusive - 3.5 oz/100 g Tube and 0.71 oz/20 g Travel Size Tube",I,0,0.0,0.0,-0.9974949955940247,16,16,16,-0.6559887626015177
100955,tea bag dish alice,1973147,B004HR17BI,Disney Parks Exclusive Alice in Wonderland Tea Press Set,E,3,1.2466474697942413,0.16947643767811083,0.12487813085317612,4,4,1,0.5693234419266069
100955,tea bag dish alice,1973137,B07VBFCM2B,10pcs Silicone Tea Bag Holders Multi-color Snail and Squirrel Cute Drink Marker Tea Accessories for Party Banquet Gathering,I,0,2.3355920902628595,0.29969566970374495,0.04948924854397774,1,1,2,0.5693234419266069
100955,tea bag dish alice,1973142,B00W50HL6Y,Alice in Wonderland 3x Mini Tea Tin Gift Pack with Assorted Loose Leaf Tea,I,0,1.274791184197425,0.1926088217538371,0.04912939295172691,3,3,3,0.5693234419266069
100955,tea bag dish alice,1973141,B07YL3WM4B,Alice In Wonderland Tea Tin with 40 English Afternoon Teabags,I,0,1.203915445121456,0.157047733710784,0.04479600116610527,5,5,4,0.5693234419266069
100955,tea bag dish alice,1973136,B07XMFDZM9,"24 Pieces Cute Snail Shape Silicone Tea Bag Holder, Candy Colors Cup Hangers for Gift Set Home Party Supplies",I,0,2.0653576748391003,0.2413331913040194,-0.02818785049021244,2,2,5,0.5693234419266069
100955,tea bag dish alice,1973139,B0753JV235,Live Nice Alices Adventures - Alice Wonderland - Farm Flour Sack Kitchen Tea Towel,I,0,1.126676049221483,0.14375398273789977,-0.055530134588479996,6,6,6,0.5693234419266069
100955,tea bag dish alice,1973149,B01AXPIF5I,"Talking Tables Truly Alice Food Serving Platter 12"" x 7.5"" a Tea Party Birthday, Multicolor",I,0,1.0277684992796663,0.115221778677119,-0.16977156698703766,7,7,7,0.5693234419266069
100955,tea bag dish alice,1973138,B078HQ3K5K,400 Pcs Disposable Tea Filter Bags Empty Cotton Drawstring Seal Filter Tea Bags for Loose Leaf Teal（3.54 x 2.75 inch）,I,0,0.6489989458430948,0.08320412214704286,-0.33702126145362854,9,10,8,0.5693234419266069
100955,tea bag dish alice,1973146,B007WPM75W,Alice's Cottage AC3414 Black Cat Flour Sack Towel (Set of 2),I,0,0.5633380246107415,0.08307440079382591,-0.35732501745224,11,11,9,0.5693234419266069
100955,tea bag dish alice,1973143,B00UY3BV0G,Alice's Cottage AC34461 Blue Bunting Flour Sack Towel (Set of 2),I,0,0.5633380246107415,0.08459308077344575,-0.35732501745224,12,9,10,0.5693234419266069
100955,tea bag dish alice,1973145,B00HX4ZJ48,Alice's Cottage Blue Hydrangea Flour Sack Kitchen Towels Set of 2 Cotton,I,0,0.545828705477578,0.08232548252761318,-0.3753467798233032,13,12,11,0.5693234419266069
100955,tea bag dish alice,1973134,B01N29CVAE,Alice's Cottage Hummingbirds and Teacup Flour Sack Kitchen Towels Set of 2 Cotton,I,0,0.5293750036587018,0.07822830173276786,-0.3770005404949188,14,14,12,0.5693234419266069
100955,tea bag dish alice,1973144,B00TM51F44,4 Paul Cezanne Coffee or Tea Mugs in a Matching Box Bundle with 1 Package of 6 Tea Bags,I,0,0.6739039020593255,0.09724617972460661,-0.44033482670783997,8,8,13,0.5693234419266069
100955,tea bag dish alice,1973140,B01CF2XC0U,Jusalpha 7 Oz Porcelain Tea Sets Flower Series Tea Cup and Saucer Set-Coffee Cup Set with Saucer and Spoon FD-TCS11 (Set of 6),I,0,0.6258691727453579,0.08118234457728551,-0.4983478784561157,10,13,14,0.5693234419266069
100955,tea bag dish alice,1973148,1632203626,"Peanut Butter Comfort: Recipes for Breakfasts, Brownies, Cakes, Cookies, Candies, and Frozen Treats Featuring America's Favorite Spread",I,0,0.0,0.0,-0.817845344543457,15,15,15,0.5693234419266069
100955,tea bag dish alice,1973135,B081PJZT7K,Floranea 6 Pcs Teabag Holder Silicone Colorful Snail Shape Cup Hangers Organizer Accessories Drink Marker for Mug Home Gathering Party Banquet Supplies,I,0,0.0,0.0,-0.8702909350395203,16,16,16,0.5693234419266069
102658,thick maternity yoga pants,2004385,B00TULI1G0,Stretch is Comfort Women's Plus Size Capri Yoga Pants Black XXXL,I,0,1.278729465083914,0.24397205559492746,0.27585747838020325,5,6,1,-0.5542658296496528
102658,thick maternity yoga pants,2004384,B0108FRDQK,"HDE Foldover Athletic Yoga Pants Gym Workout Leggings (Black, Large)",I,0,1.375516347066613,0.2581909085716787,0.23144152760505676,4,4,2,-0.5542658296496528
102658,thick maternity yoga pants,2004382,B015EMM812,"Hollywood Star Fashion Solid Foldover Solid Bootleg Flare Yoga Pants (Medium, Black)",I,0,1.278729465083914,0.20388610949979682,0.13275833427906036,6,7,3,-0.5542658296496528
102658,thick maternity yoga pants,2004374,B07DCSM69V,CRZ YOGA Women's Naked Feeling Workout Leggings 25 Inches - 7/8 High Waist Yoga Tight Pants Buttery Soft Black Medium,I,0,1.1968551043017943,0.25495971886514734,-0.01156625896692276,7,5,4,-0.5542658296496528
102658,thick maternity yoga pants,2004375,B0796NRFS5,"Safort 28"" 30"" 32"" 34"" Inseam Regular Tall Bootcut Yoga Pants, 4 Pockets, UPF50+, Black, L",I,0,1.1209765904023261,0.17808585833562213,-0.01941033825278282,8,8,5,-0.5542658296496528
102658,thick maternity yoga pants,2004386,B005GYGFZY,"Spalding Women's Bootleg Yoga Pant, Black, Medium",I,0,0.5863418382502449,0.16422092841563982,-0.019761374220252037,9,9,6,-0.5542658296496528
102658,thick maternity yoga pants,2004373,B01IVSE8YG,"Motherhood Maternity Women's Maternity Essential Stretch Crop Length Secret Fit Belly Leggings, Black, Medium",E,3,1.8589863516031278,0.3369089866325679,-0.1569652259349823,3,1,7,-0.5542658296496528
102658,thick maternity yoga pants,2004380,B01GVHNSV8,"Motherhood Maternity Women's Maternity Performance Active Secret Fit Belly Cropped Leggings, Black, Small",E,3,1.9028634266122826,0.3290208987696889,-0.16016580164432526,1,3,8,-0.5542658296496528
102658,thick maternity yoga pants,2004383,B013WUE8LG,"Motherhood Maternity Women's Maternity Essential Stretch Full Length Secret Fit Belly Leggings, Black, Large",E,3,1.8589863516031278,0.33101241580101726,-0.1665569245815277,2,2,9,-0.5542658296496528
102658,thick maternity yoga pants,2004387,B004SW9L60,Dickies Women's Relaxed Cargo Pant Rinsed Black 10/Regular,I,0,0.0,0.0,-0.7749215960502625,11,11,10,-0.5542658296496528
102658,thick maternity yoga pants,2004381,B00028B52W,"Dickies Men's Loose-Fit Cargo Work Pant, Charcoal, 34W x 34L",I,0,0.0,0.0,-0.8066492676734924,10,10,11,-0.5542658296496528
102658,thick maternity yoga pants,2004388,B0169P91BI,"Hanes Women's Petite EcoSmart Open Bottom Leg Sweatpants, Ebony, X-Large",I,0,0.0,0.0,-0.8066492676734924,12,12,12,-0.5542658296496528
102658,thick maternity yoga pants,2004379,B072N3YMDN,"Cherokee Women's Mid Rise Moderate Flare Drawstring Pant, Black, X-Large",I,0,0.0,0.0,-0.8066492676734924,13,13,13,-0.5542658296496528
102658,thick maternity yoga pants,2004376,B0785PKCNT,"CHEROKEE Workwear Professionals Women Scrubs Pant Mid Rise Straight Leg Pull-on Cargo WW170P, XL Petite, Black",I,0,0.0,0.0,-0.8175169825553894,16,16,14,-0.5542658296496528
102658,thick maternity yoga pants,2004378,B075QHN1HS,90 Degree By Reflex - High Waist Tummy Control Shapewear - Power Flex Capri - Black 2 Pack - Medium,I,0,0.0,0.0,-0.8176190257072449,14,14,15,-0.5542658296496528
102658,thick maternity yoga pants,2004377,B077R6B8XN,"Signature by Levi Strauss & Co. Gold Label Women's Totally Shaping Pull-On Skinny Jeans (Standard and Plus), Noir-Waterless, 10",I,0,0.0,0.0,-0.8253368735313416,15,15,16,-0.5542658296496528
107914,vape without nicotine,2106539,B0090TB1S2,One Step at a Time Nicotine Addiction Withdrawal System,E,3,0.9336641417509778,0.04723669782520874,-0.10506996512413025,8,13,1,0.5197043081413336
107914,vape without nicotine,2106528,B08Z1Y7KH8,Menthol - Herbal Cigarettes - Tobacco and Nicotine Free,S,2,0.9947875460455065,0.08380950563779452,-0.1720881313085556,7,6,2,0.5197043081413336
107914,vape without nicotine,2106518,B07R7NCRXB,"Quit Smoking Aid Oxygen Inhaler + Soft Tip Chewable Filter to Help Curb Cravings, Nicotine Free Non-Addictive Stop Smoking Support & Oral Fixation Relief (1 Pack, Menthol)",E,3,0.6259692998365054,0.037962124857436226,-0.3173011243343353,22,20,3,0.5197043081413336
107914,vape without nicotine,2106549,B075SRPGTK,Skin Decal Vinyl Wrap for Smok Stick V8 Pen Vape Stickers Skins Cover/ Galaxy Space Gasses,C,1,2.9880880534822634,0.22057220067784303,-0.3607615530490875,1,1,4,0.5197043081413336
107914,vape without nicotine,2106517,B07R5LS1ZJ,"Stop Smoking Remedy, Smoke-Free Oxygen Inhaler, Chewable Mouth Grip to Help Curb Cravings, Quit Smoking Support, Satisfying Fidget Relief, Nicotine Free (Best Value - 2 Pack, Fresh Mint)",E,3,0.601203023994585,0.03716702473593463,-0.3651624917984009,25,23,5,0.5197043081413336
107914,vape without nicotine,2106521,B07VYJX856,Herbal Cigarettes - Tobacco and Nicotine Free 2 Packs 40 Smokes,S,2,0.9058352186244746,0.06211618717765221,-0.3660941421985626,10,8,6,0.5197043081413336
107914,vape without nicotine,2106524,B083RTY67F,Herbal Cigarettes - Tobacco and Nicotine Free 4 Packs 80 Smokes,S,2,0.9058352186244746,0.05757968081414596,-0.367562860250473,11,9,7,0.5197043081413336
107914,vape without nicotine,2106532,B07HYWCSQ2,Herbal Cigarette 100% No Nicotine & No Tobacco 10/Pack (Mint (Switch)),E,3,0.9058352186244746,0.04692238992751558,-0.3852185308933258,9,14,8,0.5197043081413336
107914,vape without nicotine,2106522,B09C3ZFMGQ,"Aroamas Nicotine Patches to Help Quit Smoking, Stop Smoking - Delivered Over 24 Hours Nicotine Transdermal System to Stop Smoking Aids That Work (Stop Smoking Step 1 [21 mg])",I,0,0.8850319632681709,0.0568794008099407,-0.39467090368270874,12,10,9,0.5197043081413336
107914,vape without nicotine,2106514,B07P5Y84NJ,"QuitGo Oral Fixation Support, Clinically Studied, Oxygen Inhaler to Stop Smoking, Includes Free How to Quit Smoking Step-by-Step Guide (2 Pack, Cinnamon)",E,3,0.0,0.0,-0.3950527310371399,37,37,10,0.5197043081413336
107914,vape without nicotine,2106527,B08ND2FKHZ,"QuitGo Smokking | New - Safe & Natural Cigarate Replacement to Help Stop Cravings with Therapeutic Remedy | 100% Satisfying, Smoke-Free, NicoTin-Free - Made in USA (Oxygen)",S,2,0.0,0.0,-0.3950527310371399,41,41,11,0.5197043081413336
107914,vape without nicotine,2106546,B01EHVD81A,Nirdosh Nicotine & Tobacco Free Herbal Cigarettes- Export Quality - 40 Cigarettes (2 Packs),S,2,0.8548742191318033,0.050584598560372875,-0.42500418424606323,15,11,12,0.5197043081413336
107914,vape without nicotine,2106535,B00008IHL1,"NicoDerm CQ Step 1 Nicotine Clear Patch, 14 Count (Pack of 1)",E,3,0.8548742191318033,0.0430159002077809,-0.44991880655288696,13,17,13,0.5197043081413336
107914,vape without nicotine,2106526,B08L6VFVBV,"Quitgo Nicotine Free Gum Drug-Free Chew-Able Texture Quit Smoking Products Refreshing Natural Mint Flavor Reduce Cravings and Overcome The Urge to Smoke with Activated Tingle (Mint Burst, 10 Pack)",C,1,0.578321902252127,0.02866252200015953,-0.45202556252479553,29,26,14,0.5197043081413336
107914,vape without nicotine,2106540,B00GMMTXC6,"Vice Breaker: Quit Smoking for The Last Time. Works Fast - Stop Smoking Within 30 Days. Or Take with Nicorette, NicoDerm and Other Nicotine Gums, Patches or Lozenges.100% Natural & Herbal",I,0,0.578321902252127,0.026389603346213212,-0.45499280095100403,27,28,15,0.5197043081413336
107914,vape without nicotine,2106538,B004P3P2U6,"GoodSense Nicotine Polacrilex Lozenge 4 mg (nicotine), Mint Flavor, Stop Smoking Aid; quit smoking with nicotine lozenge, 72 Count",I,0,1.1870689114608868,0.1118716341475122,-0.4567021131515503,3,3,16,0.5197043081413336
107914,vape without nicotine,2106529,B096PF6S9Q,Maans Nirdosh Nicotine & Tobacco Free Herbal Cigarettes No Nicotine No Tobacco - Export Quality - 40 Cigarettes (2 Packs),S,2,1.0538213603881967,0.07515536666800181,-0.4646783173084259,6,7,17,0.5197043081413336
107914,vape without nicotine,2106550,B07GVQSS32,"IT’S A Skin Decal Vinyl Wrap for Pax JUUL Vape with USB Charger Sticker Sleeve, Ombre Hombre Color Fade",I,0,2.713637651059126,0.20030283333974944,-0.46982285380363464,2,2,18,0.5197043081413336
107914,vape without nicotine,2106541,B01BUNHYJ0,"Honeyrose Menthol - Tobacco & Nicotine Free Herbal Cigarettes, 100% Natural, Made in England",E,3,0.8548742191318033,0.050498174777109085,-0.4736035466194153,14,12,19,0.5197043081413336
107914,vape without nicotine,2106547,B079HXQKW8,"Amazon Basic Care Mini Nicotine Polacrilex Lozenge, 4 mg (nicotine), Stop Smoking Aid, Mint Flavor; quit smoking with mint nicotine lozenge, 135 Count",I,0,1.1283066713523489,0.09858766040238896,-0.48241913318634033,5,5,20,0.5197043081413336
107914,vape without nicotine,2106530,B07KXNHSCY,"Amazon Basic Care Nicotine Polacrilex Coated Gum 2 mg (nicotine), Fruit Flavor, Stop Smoking Aid; quit smoking with nicotine gum, 160 Count",I,0,1.1424449884444778,0.10033158357069727,-0.48241913318634033,4,4,21,0.5197043081413336
107914,vape without nicotine,2106515,B07PCJ82FV,"Stop Smoking, Smokeless Inhaler with Soft Tip Chewable Mouth Grip for Maximum Relief, Oral Fixation Support, Clinically Studied, Oxygen Inhaler Quit Smoking Aid (Fresh Mint, 1 Pack)",I,0,0.0,0.0,-0.4988607168197632,38,38,22,0.5197043081413336
107914,vape without nicotine,2106536,B0036WTVHC,"Nicorette Mini Nicotine Lozenges in Mint Flavore to Stop Smoking Aid, fresh mint, 81 Count",I,0,0.7883472763846042,0.04370550956891733,-0.5047702193260193,17,16,23,0.5197043081413336
107914,vape without nicotine,2106544,B07N4DP369,"Nicorette 2mg Nicotine Lozenges to Quit Smoking - Ice Mint Flavored Stop Smoking Aid, 20 Count, 2 Week Kit",I,0,0.7314270810442862,0.03976294794238575,-0.5148623585700989,20,18,24,0.5197043081413336
107914,vape without nicotine,2106533,B01IPEA7K0,NIRDOSH Herbal No Nicotine & Tobacco Cigarettes[with Filter] - 10 Packs(20 Cigarettes Per Pack),I,0,0.8093418018599159,0.044943303297520665,-0.5239075422286987,16,15,25,0.5197043081413336
107914,vape without nicotine,2106531,B082TYX4K4,"Hydro Herbal, Hookah Shisha Flavors Set, Tobacco & Nicotine Free, Tropical Smoothie Mix, 50-Gram (Pack of 5)",S,2,0.768414417333904,0.03769312876603391,-0.5274313688278198,18,22,26,0.5197043081413336
107914,vape without nicotine,2106516,B07QT8LNLX,"Smokeless Inhaler with Soft Tip Chewable Mouth Grip for Maximum Relief and How to Quit Smoking Guide, Help for Oral Fixation Support, Oxygen Inhaler to Stop Smoking (2 Pack, Oxygen Inhaler)",S,2,0.0,0.0,-0.5340409278869629,39,39,27,0.5197043081413336
107914,vape without nicotine,2106552,B06XQLHN9P,Novartis Habitrol 21mg Nicotine Patches Step 1. Stop Smoking. 2 Boxes of 28 Each (56 Patches). 21 MG…,E,3,0.7314270810442862,0.03402218257182238,-0.5664354562759399,19,25,28,0.5197043081413336
107914,vape without nicotine,2106542,B01D5ST09A,American Billy -Regular Carton Green Tea Herbal Cigarettes (Regular Flavor) (Sold by The Carton) -Non Tobacco - Non Nicotine Cigarette Alternatives,S,2,0.6978369636945237,0.026905607921673066,-0.6102266311645508,21,27,29,0.5197043081413336
107914,vape without nicotine,2106519,B07TSHLS31,"Stop Smoking Remedy, Smoke-Free Oxygen Inhaler, Chewable Mouth Grip to Help Curb Cravings, Quit Smoking Support, Satisfying Fidget Relief, Nicotine Free (Cinnamon,Menthol, Variation Pack)",E,3,0.6259692998365054,0.03901651581743207,-0.6249030232429504,23,19,30,0.5197043081413336
107914,vape without nicotine,2106513,B07TYT7YB9,"Stop Smoking Remedy, Smoke-Free Oxygen Inhaler, Chewable Mouth Grip to Help Curb Cravings, Quit Smoking Support, Satisfying Fidget Relief, Nicotine Free (Oxygen,Fresh Mint, Variation Pack)",S,2,0.6133362506328481,0.03790523393962329,-0.6292672157287598,24,21,31,0.5197043081413336
107914,vape without nicotine,2106537,B004KAQ3RA,Nicotine/Tobacco Test Kit - 10 Pack,I,0,0.0,0.0,-0.6790038347244263,30,30,32,0.5197043081413336
107914,vape without nicotine,2106520,B07TTM2Z8X,"Stop Smoking Remedy, Smoke-Free Oxygen Inhaler, Chewable Mouth Grip to Help Curb Cravings, Quit Smoking Support, Satisfying Fidget Relief, Nicotine Free (Fresh Mint, Menthol, 2 Count (Pack of 2))",I,0,0.578321902252127,0.036332424860312976,-0.7244343757629395,28,24,33,0.5197043081413336
107914,vape without nicotine,2106545,B01G9X1JI8,Filtrim Stop Smoking Device – Easy Way to Quit Smoking in Just 8 Weeks – Backed by Scientific Studies – 100% Satisfaction Guaranteed,I,0,0.0,0.0,-0.7529311180114746,32,32,34,0.5197043081413336
107914,vape without nicotine,2106548,B076NK22Q7,"QuitPop/Natural Stop Smoking Remedy & Quit Smoking Solution to Help Reduce Cravings & Replace Smoking/Safe & Easy Way to Quit (5 in 1 Pack, Tropical)",I,0,0.0,0.0,-0.7695186138153076,35,35,35,0.5197043081413336
107914,vape without nicotine,2106534,B07BJMVCW1,New Unfiltered Nirdosh Tobacco Free Herbal Cigarettes - 20/Pack! (1),I,0,0.0,0.0,-0.7749215960502625,36,36,36,0.5197043081413336
107914,vape without nicotine,2106525,B08BV5MW1F,TeaZA Energy Variety Pack - Flavored Pouches (8 Pack),I,0,0.0,0.0,-0.7749215960502625,40,40,37,0.5197043081413336
107914,vape without nicotine,2106523,B083JHQVMQ,TeaZa Energy Energy Tropical Chill Mix with Relora Hot/Cold Brew Tea Curb Cravings for Snacks Calming Formula Tobacco Free Nicotine Free Smokeless Alternative Snuff - Tropical Chill (12 Pack),S,2,0.5895405323610028,0.024986656401533584,-0.780631422996521,26,29,38,0.5197043081413336
107914,vape without nicotine,2106553,B074JL91PD,"Glucosamine Chondroitin with Turmeric MSM Boswellia - Natural Joint Pain Relief Supplements for Men and Women - Anti-Inflammatory, Cartilage Building, Non-GMO and Gluten Free - 90 Capsules",I,0,0.0,0.0,-0.7901939153671265,34,34,39,0.5197043081413336
107914,vape without nicotine,2106551,B072SD2PNY,"Natrol Melatonin Advanced Sleep Tablets with Vitamin B6, Helps You Fall Asleep Faster, Stay Asleep Longer, 2-Layer Controlled Release, 100% Drug-Free, Maximum Strength, 10mg, 100 Count",I,0,0.0,0.0,-0.9827601909637451,33,33,40,0.5197043081413336
107914,vape without nicotine,2106543,B01E14X7SM,"Natrol Melatonin Fast Dissolve Tablets, Helps You Fall Asleep Faster, Stay Asleep Longer, Easy to Take, Dissolve in Mouth, Strengthen Immune System, Maximum Strength, Strawberry Flavor, 10mg, 100Count",I,0,0.0,0.0,-0.9946033954620361,31,31,41,0.5197043081413336
