kind,query_id,query,product_title,esci_label,relevance_gain,bm25_score,tfidf_score,semantic_similarity,reference_rank,semantic_rank,tfidf_rank,bm25_rank,delta_ndcg_at_10
large_improvement,5749,Since I have a desktop any laptop for work with decent specifications would do,"Lenovo Chromebook C330 2-in-1 Convertible Laptop, 11.6-Inch HD (1366 x 768) IPS Display, MediaTek MT8173C Processor, 4GB LPDDR3, 64 GB eMMC, Chrome OS, 81HY0000US, Blizzard White",E,3,0.28454580578333893,0.045140667386453524,0.5785507,9,1,7,7,0.6945002003375462
large_improvement,5749,Since I have a desktop any laptop for work with decent specifications would do,"Acer Aspire 5 Slim Laptop, 15.6 inches Full HD IPS Display, AMD Ryzen 3 3200U, Vega 3 Graphics, 4GB DDR4, 128GB SSD, Backlit Keyboard, Windows 10 in S Mode, A515-43-R19L, Silver",E,3,0.2597947208730614,0.040849915280586256,0.5756854,12,2,9,9,0.6945002003375462
large_improvement,5749,Since I have a desktop any laptop for work with decent specifications would do,"ASUS VivoBook L203MA Ultra-Thin Laptop, Intel Celeron N4000 Processor, 4GB LPDDR4, 64GB eMMC, 11.6” HD, USB-C, Windows 10 in S Mode (Switchable to Pro), L203MA-DS04, One Year of Microsoft Office 365",E,3,0.2597947208730614,0.04270780660512241,0.5517267,11,3,8,8,0.6945002003375462
large_improvement,5749,Since I have a desktop any laptop for work with decent specifications would do,ASURION 3 Year Desktop Computer Protection Plan with Tech Support $250-299.99,I,0,1.84348802655743,0.2235398699990367,0.3348291,1,4,2,2,0.6945002003375462
large_improvement,5749,Since I have a desktop any laptop for work with decent specifications would do,"DELL Optiplex 990 SFF PC, Intel Core i5 Processor, 16GB RAM, 2TB HDD, DVDRW, WiFi, Bluetooth 4.0, Windows 10 Pro, LCD Monitor (Renewed)",I,0,0.0,0.0,0.4311167,10,5,12,11,0.6945002003375462
large_improvement,5749,Since I have a desktop any laptop for work with decent specifications would do,GAOMON M10K PRO 10 x 6.25 Inches Art Digital Graphic Tablet for Drawing Supports Tilt & Radial Function with 10 Shortcut Keys Work on Android OS & PC,I,0,3.1852903234406997,0.2550571527757589,0.35080737,4,6,1,1,0.6945002003375462
large_improvement,5749,Since I have a desktop any laptop for work with decent specifications would do,ASURION 4 Year Laptop Accident Protection Plan with Tech Support $1250-1499.99,C,1,0.39842036244564344,0.15505873311423904,0.30304468,2,7,3,5,0.6945002003375462
large_improvement,5749,Since I have a desktop any laptop for work with decent specifications would do,ASURION 4 Year Laptop Accident Protection Plan with Tech Support $500-599.99,C,1,0.39842036244564344,0.15505873311423904,0.2934444,3,8,4,6,0.6945002003375462
large_improvement,5749,Since I have a desktop any laptop for work with decent specifications would do,"Graphics Drawing Tablet, UGEE M708 10 x 6 inch Large Drawing Tablet with 8 Hot Keys, Passive Stylus of 8192 Levels Pressure, UGEE M708 Graphics Tablet for Paint, Design, Art Creation Sketch",I,0,1.1815135420368077,0.1002770132337708,0.32089496,6,9,5,4,0.6945002003375462
large_improvement,5749,Since I have a desktop any laptop for work with decent specifications would do,GAOMON M1230 12’' Android OS Supported 42 Customizable Express Keys 60 Degree Tilt Support Graphics Drawing Pen Tablet with 8192 Pen Pressure Sensitivity Battery-Free Stylus,I,0,0.0,0.037961646253811446,0.30529013,7,10,10,12,0.6945002003375462
large_improvement,5749,Since I have a desktop any laptop for work with decent specifications would do,"NETGEAR 8-Port Gigabit Ethernet Unmanaged Switch (GS308) - Home Network Hub, Office Ethernet Splitter, Plug-and-Play, Silent Operation, Desktop or Wall Mount",I,0,1.4865417393435212,0.08933286240603475,0.25814003,5,11,6,3,0.6945002003375462
large_improvement,5749,Since I have a desktop any laptop for work with decent specifications would do,PlayMonster Utter Nonsense Family Edition - The Game of Funny Voices and Accents! Blue,I,0,0.0,0.0,-0.008818329,8,12,11,10,0.6945002003375462
large_improvement,78865,pentrrex 4oz,"Penetrex Joint & Muscle Therapy “Trio” Bundle – Contains (1) Large 4 Oz. Jar for Home, (1) Classic 2 Oz. Jar for Work, and (1) 3 Oz. Roll-On for Convenient On-The-Go Relief!",E,3,0.0,0.0,0.56376576,13,1,12,12,0.6765205174408171
large_improvement,78865,pentrrex 4oz,Penetrex Joint & Muscle Therapy (Value Bundle) :: Home & Travel Solution Contains One Large (4 Oz.) & One Travel-Ready (TSA Approved 2 Oz. Size) for On-The-Go Relief,E,3,0.0,0.0,0.51437974,7,2,8,8,0.6765205174408171
large_improvement,78865,pentrrex 4oz,"Penetrex Joint & Muscle Therapy, 4 Oz Cream – Intensive Concentrate for Relief & Recovery – Whole-Body Formula w/Arnica, Vitamin B6 & MSM (DMSO2) for Your Back, Neck, Knee, Hand, Shoulder, Feet, etc.",E,3,0.0,0.0,0.46546403,14,3,2,2,0.6765205174408171
large_improvement,78865,pentrrex 4oz,"Penetrex Joint & Muscle Therapy, 4 Oz. Cream (Pack of 3) – Intensive Concentrate for Soothing Relief & Recovery with Arnica, Vitamin B6 & MSM (DMSO2) for Your Back, Neck, Knee, Hand, Shoulder, Foot",E,3,0.0,0.0,0.4547041,11,4,4,4,0.6765205174408171
large_improvement,78865,pentrrex 4oz,"Penetrex Joint & Muscle Therapy, 2 Oz Cream – Intensive Concentrate for Relief & Recovery – Whole-Body Formula w/ Arnica, Vitamin B6 & MSM (DMSO2) for Your Back, Neck, Knee, Hand, Shoulder, Feet, etc.",E,3,0.0,0.0,0.4476847,9,5,1,1,0.6765205174408171
large_improvement,78865,pentrrex 4oz,"Penetrex Joint & Muscle Therapy, 2 Oz. Cream (Pack of 6) – Intensive Concentrate for Soothing Relief & Recovery with Arnica, Vitamin B6 & MSM (DMSO2) for Your Back, Neck, Knee, Hand, Shoulder, Foot",E,3,0.0,0.0,0.4476643,10,6,3,3,0.6765205174408171
large_improvement,78865,pentrrex 4oz,"Penetrex Joint & Muscle Therapy, 3 Oz Roll-on Gel – Intensive Concentrate for Relief & Recovery – Whole-Body Formula w/ Arnica, Vitamin B6 & MSM (DMSO2) for Your Back, Neck, Knee, Hand, Shoulder, etc",S,2,0.0,0.0,0.42427742,12,7,6,6,0.6765205174408171
large_improvement,78865,pentrrex 4oz,"ArnitRX Pain Relief Cream 4 oz Jar! Anti-inflammatory & Penetrative Recovery Formula with Arnica, Ilex, MSM & Vitamin B6! (1 Pack)",I,0,0.0,0.0,0.34466216,3,8,13,13,0.6765205174408171
large_improvement,78865,pentrrex 4oz,"JointFlex Pain Relief Cream for Joint & Arthritis Pain, 4 Ounce Tube",I,0,0.0,0.0,0.29934382,1,9,5,5,0.6765205174408171
large_improvement,78865,pentrrex 4oz,"Heel Traumeel S Cream Tube - Pain Relief, 50 Grams (Pack of 2)",I,0,0.0,0.0,0.2915951,2,10,10,10,0.6765205174408171
large_improvement,78865,pentrrex 4oz,"Hemp Cream 3,000,000 Super Efficiency - Natural Seed Oil Extract - Extra Strength Massage Lotion with Arnica, Menthol and Natural Oils",I,0,0.0,0.0,0.2679801,5,11,15,15,0.6765205174408171
large_improvement,78865,pentrrex 4oz,"Voltaren Arthritis Pain Gel for Topical Arthritis Pain Relief, Top Recommended Topical Pain Relief Brand, Amazon Exclusive - 3.5 oz/100 g Tube and 0.71 oz/20 g Travel Size Tube",I,0,0.0,0.0,0.3067461,16,12,16,16,0.6765205174408171
large_improvement,78865,pentrrex 4oz,"SaltWrap Joint Clinic - Joint Recovery Multivitamin Supplement - Tendon, Ligament, Cartilage Support – Repair and Rebuild with Cissus, C3 Curcumin Turmeric, Type 2 Collagen, 224caps",I,0,0.0,0.0,0.19618215,6,13,14,14,0.6765205174408171
large_improvement,78865,pentrrex 4oz,"Probelle Maximum Relief Pain Cream, Natural Anti-Inflammatory for a Cool, Speedy Recovery for Arthritis, Back Pain, Muscle Pain. Relieves, Soothes and Relaxes. (3 oz)",I,0,0.0,0.0,0.21563408,8,14,11,11,0.6765205174408171
large_improvement,78865,pentrrex 4oz,"AcuPlus Pain Relief Cream - Advanced Therapy for Relief and Recovery from Bursitis, Tendonitis, Joint Pain, Arthritis Pain, and Muscle Pain - Back Pain Relief (2 Ounce (Pack of 1))",E,3,0.0,0.0,0.20160978,15,15,7,7,0.6765205174408171
large_improvement,78865,pentrrex 4oz,Plantar Fasciitis Foot Pain Relief Cream Fast Acting PLANTARCARE CF Inflamed Tissue Relief Across The Bottom of The Foot. | Capsaicin-Free Formula.,I,0,0.0,0.0,0.14210495,4,16,9,9,0.6765205174408171
large_improvement,87542,rib anch,All Natural Danish Baby Back Ribs,E,3,0.0,0.0,0.38534433,4,1,3,3,0.7075183364556159
large_improvement,87542,rib anch,Sorbus Non-Stick Rib Rack – Porcelain Coated Steel Roasting Stand – Holds 4 Rib Racks for Grilling & Barbecuing (Black),I,0,2.110540311753245,0.42538607811926454,0.2910049,2,2,1,1,0.7075183364556159
large_improvement,87542,rib anch,"Wild Boar Baby Back Ribs - 5 lbs, 4 oz ribs",E,3,0.0,0.0,0.3872883,12,3,8,8,0.7075183364556159
large_improvement,87542,rib anch,"Purina Busy Small/Medium Breed Dog Rawhide Treat, Rib Hide - 12 ct. Pouch",I,0,1.6658005203738204,0.25396898013244606,0.29834154,1,4,2,2,0.7075183364556159
large_improvement,87542,rib anch,"TenderBison Back Ribs, Each Rack Contains 7 Ribs – 4 - Racks (40 oz.. each average) Made with North American Buffalo.",E,3,0.0,0.0,0.331922,15,5,11,11,0.7075183364556159
large_improvement,87542,rib anch,Creekstone Farms Natural Duroc Pork Spare Ribs (8 Racks Ribs),E,3,0.0,0.0,0.25582743,13,6,9,9,0.7075183364556159
large_improvement,87542,rib anch,Postman Buzzbee/A Royal Visit/Babee's Room,I,0,0.0,0.0,0.13596593,7,7,14,14,0.7075183364556159
large_improvement,87542,rib anch,Anchorman: The Legend of Ron Burgundy,I,0,0.0,0.0,0.08471803,5,8,4,4,0.7075183364556159
large_improvement,87542,rib anch,1-Pound Premium Ground Ancho Chile Pepper Chili Powder,I,0,0.0,0.0,0.17341787,9,9,10,10,0.7075183364556159
large_improvement,87542,rib anch,Anchorman 2: The Legend Continues,I,0,0.0,0.0,0.00931895,3,10,7,7,0.7075183364556159
large_improvement,87542,rib anch,Anchorman 2: The Legend Continues (Unrated),I,0,0.0,0.0,0.04349746,6,11,6,6,0.7075183364556159
large_improvement,87542,rib anch,Anchorman: The Legend of Ron Burgundy (unrated),I,0,0.0,0.0,0.10131757,8,12,15,15,0.7075183364556159
large_improvement,87542,rib anch,The Best of Will Ferrell as Ron Burgundy,I,0,0.0,0.0,0.08927666,10,13,12,12,0.7075183364556159
large_improvement,87542,rib anch,The Best of Will Ferrell as Ron Burgundy,I,0,0.0,0.0,0.08927666,11,14,13,13,0.7075183364556159
large_improvement,87542,rib anch,Beeline Creative 10016641 Anchorman Ron Burgundy 13 in. Tall Talking Action Figure,I,0,0.0,0.0,0.12255167,14,15,5,5,0.7075183364556159
large_improvement,87542,rib anch,"Dried Ancho Chiles Peppers 5 oz – Natural and Premium. Great For Recipes Like Mexican Mole, Sauces, Stews, Salsa, Meats, Enchiladas. Mild to Medium Heat, Sweet & Smoky Flavor. Air Tight Resealable Bag",I,0,0.0,0.0,0.15184852,16,16,16,16,0.7075183364556159
large_regression,46,"#9x5"" wood screws","ZINUS 9 Inch Metal Smart Box Spring / Mattress Foundation / Strong Metal Frame / Easy Assembly, Queen",I,0,0.0,0.0,0.27737242,5,1,8,8,-0.4562286908479745
large_regression,46,"#9x5"" wood screws","ZINUS Compack Metal Bed Frame / 7 Inch Support Bed Frame for Box Spring and Mattress Set, Black, Queen",I,0,0.0,0.0,0.2687465,3,2,5,5,-0.4562286908479745
large_regression,46,"#9x5"" wood screws","DEWALT 20V Max Cordless Drill / Driver Kit, Compact, 1/2-Inch (DCD771C2)",E,3,0.0,0.0,0.16509607,2,3,4,4,-0.4562286908479745
large_regression,46,"#9x5"" wood screws","Mounting Dream UL Listed TV Mount for Most 37-70 Inch TV, Universal Tilt TV Wall Mount Fit 16"", 18"", 24"" Stud with Loading 132 lbs & Max VESA 600x400mm, Low Profile Flat Wall Mount Bracket MD2268-LK",I,0,0.0,0.0,0.22241127,10,4,7,7,-0.4562286908479745
large_regression,46,"#9x5"" wood screws","BLACK+DECKER 20V MAX Cordless Drill / Driver with 30-Piece Accessories (LD120VA) , Orange",E,3,0.0,0.0,0.15437622,1,5,2,2,-0.4562286908479745
large_regression,46,"#9x5"" wood screws","VIVO Dual LCD LED 13 to 27 inch Monitor Desk Mount Stand, Heavy Duty Fully Adjustable, Fits 2 Screens, STAND-V002",I,0,0.0,0.0,0.20444813,6,6,3,3,-0.4562286908479745
large_regression,46,"#9x5"" wood screws","Mounting Dream TV Mount TV Wall Mount with Swivel and Tilt for Most 32-55 Inch TV, UL Listed Full Motion TV Mount with Articulating Dual Arms, Max VESA 400x400mm, 99 lbs. Loading, 16 inch Studs MD2380",I,0,0.0,0.0,0.22204396,11,7,9,9,-0.4562286908479745
large_regression,46,"#9x5"" wood screws","TaoTronics LED Desk Lamp, Eye-caring Table Lamps, Dimmable Office Lamp with USB Charging Port, 5 Lighting Modes with 7 Brightness Levels, Touch Control, White, 12W, Philips EnabLED Licensing Program",I,0,0.0,0.0,0.21858029,16,8,10,10,-0.4562286908479745
large_regression,46,"#9x5"" wood screws","Full Motion TV Wall Mount Bracket Dual Articulating Arms Swivels Tilts Rotation for Most 37-70 Inch LED, LCD, OLED Flat Curved TVs, Holds up to 132lbs, Max VESA 600x400mm by Pipishell",I,0,0.0,0.0,0.20878398,14,9,15,15,-0.4562286908479745
large_regression,46,"#9x5"" wood screws","Amazon Basics Foldable, 14"" Black Metal Platform Bed Frame with Tool-Free Assembly, No Box Spring Needed - Twin",I,0,0.0,0.0,0.12532225,4,10,13,13,-0.4562286908479745
large_regression,46,"#9x5"" wood screws",ThermoPro TP03 Digital Instant Read Meat Thermometer Kitchen Cooking Food Candy Thermometer with Backlight and Magnet for Oil Deep Fry BBQ Grill Smoker Thermometer,I,0,0.0,0.0,0.12517339,9,11,11,11,-0.4562286908479745
large_regression,46,"#9x5"" wood screws","LiBa PEVA 8G Bathroom Shower Curtain Liner, 72"" W x 72"" H, Clear, 8G Heavy Duty Waterproof Shower Curtain Liner",I,0,0.0,0.0,0.0650881,7,12,6,6,-0.4562286908479745
large_regression,46,"#9x5"" wood screws","Mkeke Compatible with iPhone XR Screen Protector, iPhone 11 Screen Protector, Tempered Glass Film for Apple iPhone XR and iPhone 11, 3-Pack Clear",I,0,0.0,0.0,-0.024182722,8,13,14,14,-0.4562286908479745
large_regression,46,"#9x5"" wood screws","Regalo Easy Step 38.5-Inch Extra Wide Walk Thru Baby Gate, Includes 6-Inch Extension Kit, 4 Pack Pressure Mount Kit, 4 Pack Wall Cups and Mounting Kit",I,0,0.0,0.0,0.12704802,13,14,1,1,-0.4562286908479745
large_regression,46,"#9x5"" wood screws","AquaBliss High Output Revitalizing Shower Filter - Reduces Dry Itchy Skin, Dandruff, Eczema, and Dramatically Improves The Condition of Your Skin, Hair and Nails - Chrome (SF100)",I,0,0.0,0.0,-0.04455693,12,15,12,12,-0.4562286908479745
large_regression,46,"#9x5"" wood screws","Solar Lights Outdoor [6 Pack/3 Working Mode], SEZAC Solar Security Lights Solar Motion Sensor Lights Wireless IP 65 Waterproof Outdoor Lights for Garden Fence Patio Garage (42 LED)",I,0,0.0,0.0,0.012584617,15,16,16,16,-0.4562286908479745
large_regression,50912,holocaust fiction books,The Child of Auschwitz: Absolutely heartbreaking World War 2 historical fiction,I,0,1.5225083451197416,0.23695313658130907,0.7255254,3,1,3,3,-0.3722470574472434
large_regression,50912,holocaust fiction books,The Survivor: A Novel Based on a True Holocaust Survivor Story,E,3,1.1691927267459243,0.16102279981195175,0.74067163,4,2,4,4,-0.3722470574472434
large_regression,50912,holocaust fiction books,Last Words: Surviving the Holocaust,E,3,1.6366534004657203,0.28740989854222854,0.65646726,1,3,1,2,-0.3722470574472434
large_regression,50912,holocaust fiction books,The Librarian of Auschwitz (Special Edition),I,0,0.0,0.0,0.69979745,8,4,9,9,-0.3722470574472434
large_regression,50912,holocaust fiction books,My Family's Survival: The true story of how the Shwartz family escaped the Nazis and survived the Holocaust,I,0,0.8467340192498015,0.1292115633206332,0.544052,5,5,5,5,-0.3722470574472434
large_regression,50912,holocaust fiction books,The Secret Orphan: The heartbreaking and gripping World War 2 historical novel,I,0,0.0,0.0,0.55703115,16,6,6,6,-0.3722470574472434
large_regression,50912,holocaust fiction books,Surviving The Forest (World War II Brave Women Fiction),E,3,1.6827138268130137,0.24749831774777864,0.43243077,2,7,2,1,-0.3722470574472434
large_regression,50912,holocaust fiction books,The Hidden Village (Untold Ww2 Stories),I,0,0.0,0.0,0.45381626,9,8,10,10,-0.3722470574472434
large_regression,50912,holocaust fiction books,The Last Visit to Berlin: A Historical Family Saga Based On A True Story,I,0,0.0,0.0,0.4079348,15,9,16,16,-0.3722470574472434
large_regression,50912,holocaust fiction books,The German Midwife,I,0,0.0,0.0,0.28181118,11,10,15,15,-0.3722470574472434
large_regression,50912,holocaust fiction books,Broken Angels,I,0,0.0,0.0,0.14549543,13,11,12,12,-0.3722470574472434
large_regression,50912,holocaust fiction books,We Were the Lucky Ones: A Novel,I,0,0.0,0.0,0.22506107,12,12,13,13,-0.3722470574472434
large_regression,50912,holocaust fiction books,"Born Survivors: Three Young Mothers and Their Extraordinary Story of Courage, Defiance, and Hope",I,0,0.0,0.0,0.2489221,14,13,14,14,-0.3722470574472434
large_regression,50912,holocaust fiction books,THE OTHER GIRL,I,0,0.0,0.0,0.06576566,10,14,11,11,-0.3722470574472434
large_regression,50912,holocaust fiction books,"Once (Once Series, 1)",E,3,0.0,0.0,0.044019423,6,15,7,7,-0.3722470574472434
large_regression,50912,holocaust fiction books,Girl in the Blue Coat,I,0,0.0,0.0,0.028915774,7,16,8,8,-0.3722470574472434
large_regression,100955,tea bag dish alice,Alice In Wonderland Tea Tin with 40 English Afternoon Teabags,I,0,1.203915445121456,0.157047733710784,0.7195811,4,1,5,5,-0.6437928128919779
large_regression,100955,tea bag dish alice,Alice in Wonderland 3x Mini Tea Tin Gift Pack with Assorted Loose Leaf Tea,I,0,1.274791184197425,0.1926088217538371,0.6730038,3,2,3,3,-0.6437928128919779
large_regression,100955,tea bag dish alice,Live Nice Alices Adventures - Alice Wonderland - Farm Flour Sack Kitchen Tea Towel,I,0,1.126676049221483,0.14375398273789977,0.6566258,6,3,6,6,-0.6437928128919779
large_regression,100955,tea bag dish alice,"Talking Tables Truly Alice Food Serving Platter 12"" x 7.5"" a Tea Party Birthday, Multicolor",I,0,1.0277684992796663,0.115221778677119,0.6177205,7,4,7,7,-0.6437928128919779
large_regression,100955,tea bag dish alice,10pcs Silicone Tea Bag Holders Multi-color Snail and Squirrel Cute Drink Marker Tea Accessories for Party Banquet Gathering,I,0,2.3355920902628595,0.29969566970374495,0.49358675,2,5,1,1,-0.6437928128919779
large_regression,100955,tea bag dish alice,Disney Parks Exclusive Alice in Wonderland Tea Press Set,E,3,1.2466474697942413,0.16947643767811083,0.4820928,1,6,4,4,-0.6437928128919779
large_regression,100955,tea bag dish alice,Alice's Cottage Hummingbirds and Teacup Flour Sack Kitchen Towels Set of 2 Cotton,I,0,0.5293750036587018,0.07822830173276786,0.5192919,12,7,14,14,-0.6437928128919779
large_regression,100955,tea bag dish alice,Alice's Cottage Blue Hydrangea Flour Sack Kitchen Towels Set of 2 Cotton,I,0,0.545828705477578,0.08232548252761318,0.510846,11,8,12,13,-0.6437928128919779
large_regression,100955,tea bag dish alice,"24 Pieces Cute Snail Shape Silicone Tea Bag Holder, Candy Colors Cup Hangers for Gift Set Home Party Supplies",I,0,2.0653576748391003,0.2413331913040194,0.41903853,5,9,2,2,-0.6437928128919779
large_regression,100955,tea bag dish alice,Alice's Cottage AC3414 Black Cat Flour Sack Towel (Set of 2),I,0,0.5633380246107415,0.08307440079382591,0.4972694,9,10,11,11,-0.6437928128919779
large_regression,100955,tea bag dish alice,Alice's Cottage AC34461 Blue Bunting Flour Sack Towel (Set of 2),I,0,0.5633380246107415,0.08459308077344575,0.5025408,10,11,9,12,-0.6437928128919779
large_regression,100955,tea bag dish alice,4 Paul Cezanne Coffee or Tea Mugs in a Matching Box Bundle with 1 Package of 6 Tea Bags,I,0,0.6739039020593255,0.09724617972460661,0.4679886,13,12,8,8,-0.6437928128919779
large_regression,100955,tea bag dish alice,Jusalpha 7 Oz Porcelain Tea Sets Flower Series Tea Cup and Saucer Set-Coffee Cup Set with Saucer and Spoon FD-TCS11 (Set of 6),I,0,0.6258691727453579,0.08118234457728551,0.4587327,14,13,13,10,-0.6437928128919779
large_regression,100955,tea bag dish alice,400 Pcs Disposable Tea Filter Bags Empty Cotton Drawstring Seal Filter Tea Bags for Loose Leaf Teal（3.54 x 2.75 inch）,I,0,0.6489989458430948,0.08320412214704286,0.44384044,8,14,10,9,-0.6437928128919779
large_regression,100955,tea bag dish alice,Floranea 6 Pcs Teabag Holder Silicone Colorful Snail Shape Cup Hangers Organizer Accessories Drink Marker for Mug Home Gathering Party Banquet Supplies,I,0,0.0,0.0,0.4254297,16,15,16,16,-0.6437928128919779
large_regression,100955,tea bag dish alice,"Peanut Butter Comfort: Recipes for Breakfasts, Brownies, Cakes, Cookies, Candies, and Frozen Treats Featuring America's Favorite Spread",I,0,0.0,0.0,0.2621191,15,16,15,15,-0.6437928128919779
tie,5958,a20,"Samsung Galaxy A20 32GB A205G/DS 6.4"" HD+ 4,000mAh Battery LTE Factory Unlocked GSM Smartphone (International Version, No Warranty) (Deep Blue)",E,3,0.3687098554043378,0.16245914220773208,0.4516138,4,1,5,5,0.0
tie,5958,a20,"Samsung Galaxy A20 32GB A205G/DS 6.4"" HD+ 4,000mAh Battery LTE Factory Unlocked GSM Smartphone (International Version, No Warranty) (Red)",E,3,0.37674347912626627,0.1739616825856015,0.44978443,3,2,4,4,0.0
tie,5958,a20,"Samsung Galaxy A20 SM-A205FDS 32GB, Dual Sim, 6.4"" Infinity-V Display, Dual Rear Camera, 3GB RAM, GSM Unlocked International Model, No Warranty (Black)",E,3,0.3610116940039863,0.15522393476487711,0.42155856,6,3,6,6,0.0
tie,5958,a20,"Samsung Galaxy A20, 32GB LTE for Verizon, Black (Renewed)",E,3,0.49550202060606835,0.26039214883145406,0.32595563,1,4,1,2,0.0
tie,5958,a20,"Samsung Galaxy A20 (32GB, 3GB RAM) 6.4 Super AMOLED, Infinity-V Display, Fast Charge 4000mAh Battery, US & Global 4G LTE Dual SIM GSM Factory Unlocked A205G/DS - International Model (Black, 32GB)",E,3,0.3149775652808974,0.13777101276128756,0.47060555,9,5,8,9,0.0
tie,5958,a20,"Samsung Galaxy A20 US Version (LTE Verizon) Cell Phone with 32GB Memory, 6.4"" Screen, [SM-A205UZKAVZW], 12 Month Samsung US version, GSM & CDMA Compatible, Black",E,3,0.346541079129505,0.1352139104445756,0.4008124,7,6,9,8,0.0
tie,5958,a20,"Samsung Galaxy A20 US Version Factory Unlocked Cell Phone with 32GB Memory, 6.4"" Screen, [SM-A205UZKAXAA], 12 Month Samsung US Warranty, GSM & CDMA Compatible, Black",E,3,0.346541079129505,0.14230990837361615,0.43902248,8,7,7,7,0.0
tie,5958,a20,"Bereajoy Galaxy A20 Case,Galaxy A30 Case，Shock-Resistant Flexible TPU Gasbag Protection Rubber Soft Silicone Anti Dropping Phone Case Cover for Samsung Galaxy A20 (Flower)",E,3,0.4959461514879979,0.18991531709616877,0.3276242,5,8,2,1,0.0
tie,5958,a20,"Bose A20 Aviation Headset with Bluetooth Dual Plug Cable, Black",E,3,0.481698133787095,0.1782719241296941,0.26755255,2,9,3,3,0.0
tie,5958,a20,"Samsung Galaxy A20s, SM-A207F/DS Dual SIM, 32GB, GSM Factory Unlocked - Red",E,3,0.0,0.0,0.45379752,10,10,15,15,0.0
tie,5958,a20,Samsung Galaxy A20s A207M 32GB DUOS GSM Unlocked Phone (International Variant/US Compatible LTE) - Black,S,2,0.0,0.0,0.44551814,12,11,11,11,0.0
tie,5958,a20,"Samsung Galaxy A20s (32GB 2GB RAM) 6.5"" HD+ Triple Camera SM-A207F/DS 4G LTE (AT&T Europe Asia Africa Cuba Digitel) Dual SIM GSM Factory Unlocked - International Version - No Warranty (Black)",S,2,0.0,0.0,0.4540204,13,12,10,10,0.0
tie,5958,a20,Samsung Galaxy A20s 32GB 3GB Ram Global Lte GSM Unlocked A207M Black (32GB + 64GB SD Bundle),S,2,0.0,0.0,0.39144534,11,13,16,16,0.0
tie,5958,a20,"Samsung Galaxy A20S w/Triple Cameras (32GB, 3GB RAM) 6.5"" Display, Snapdragon 450, 4000mAh Battery, US & Global 4G LTE GSM Unlocked A207M/DS - International Model (Red, 32GB + 64GB SD Bundle)",S,2,0.0,0.0,0.43778878,14,14,12,12,0.0
tie,5958,a20,"Samsung Galaxy A20S w/Triple Cameras (32GB, 3GB RAM) 6.5"" Display, Snapdragon 450, 4000mAh Battery, US & Global 4G LTE GSM Unlocked A207M/DS - International Model (Blue, 32GB + 64GB SD Bundle)",S,2,0.0,0.0,0.43723726,16,15,14,14,0.0
tie,5958,a20,"Samsung Galaxy A20S w/Triple Cameras (32GB, 3GB RAM) 6.5"" Display, Snapdragon 450, 4000mAh Battery, US & Global 4G LTE GSM Unlocked A207M/DS - International Model (Black, 32GB + 64GB SD Bundle)",S,2,0.0,0.0,0.4316901,15,16,13,13,0.0
tie,13881,batterie c,"Rayovac Rayovac Alkaline Reclosable Batteries, C Size",E,3,2.459554287933362,0.2984117243346396,0.36125445,1,1,1,1,0.0
tie,13881,batterie c,Brightown Decorative LED Marquee Letter Lights 26 Alphabet Light Up Letters Sign for Wedding Birthday Party Night Light Home Bar Decoration Battery Operated (C),I,0,1.5769701635034485,0.17925032858014164,0.379453,2,2,2,2,0.0
tie,13881,batterie c,Traxxas 2923X 3000mAh NiMH 7-C Flat 8.4V Battery,I,0,0.0,0.0,0.34360904,5,3,5,5,0.0
tie,13881,batterie c,"Lightahead LAWS40661421A Portable Hubble Bubble Blowing Machine Bubble Maker with Battery or Adapter for Indoors & Outdoors Parties ,Discos",I,0,0.0,0.0,0.27697805,3,4,4,4,0.0
tie,13881,batterie c,LiPo Charger Lipo Battery Balance Charger RC Charger RC Car Battery Charger Discharger 150W 10A 1-6S AC/DC for Li-ion/Life/NiCd/NiMH/LiHV/PB/Smart Battery(Battery Charger Adapter),I,0,0.0,0.0,0.34444147,11,5,15,15,0.0
tie,13881,batterie c,Zeee 4S Lipo Battery 14.8V 100C 6000mAh with EC5 Plug Soft Case for RC Plane Quadcopter Airplane Helicopter RC Car Truck RC Boat (2 Packs),I,0,0.0,0.0,0.30091926,4,6,16,16,0.0
tie,13881,batterie c,Blomiky 2 Pack 7.4V (2 x 3.7V) 600mAh Li-ion Battery with SM-4P Plug for Old Version UDI008 UD08 UDI001 Venom Speed RC Boat UDI001 Battery 2,I,0,0.0,0.0,0.32340392,12,7,12,12,0.0
tie,13881,batterie c,Traxxas Series 4 4200mAh NIMH 6-C Flat 7.2V Battery,I,0,0.0,0.0,0.27937335,6,8,7,7,0.0
tie,13881,batterie c,Flylinktech 7.2V 5000mAh NiMH RC Car Rechargeable Batteries for RC Car (2-Pack),I,0,0.0,0.0,0.29872507,9,9,9,9,0.0
tie,13881,batterie c,Venom 8.4V 4200mAh 7-Cell Hump Pack NiMH Battery with Universal Plug (EC3/Deans//Tamiya),I,0,0.0,0.0,0.28423136,7,10,3,3,0.0
tie,13881,batterie c,UPSBatteryCenter 12 Volt Compatible Battery for Rollplay Chevy Silverado Realtree 12V Ride on,I,0,0.0,0.0,0.27758092,8,11,14,14,0.0
tie,13881,batterie c,"GEILIENERGY NiMH Battery Pack 9.6V 1500mAh High Capacity Rechargeable RC Battery with Standard Tamiya Connector for RC Car, Robots and OTC Genisys 239180 & EVO Scanner(1 Pack)",I,0,0.0,0.0,0.31615716,15,12,11,11,0.0
tie,13881,batterie c,BAKTH 9.6V 2000mAh Rechargeable NiMH RC Battery with Tamiya Connector for RC Car RC Truck RC Airplane RC Boat Traxxas LOSI Associated HPI Kyosho Tamiya Quadcopter Drone Hobby,I,0,0.0,0.0,0.30104864,16,13,8,8,0.0
tie,13881,batterie c,Mighty Max Battery 12V 12AH F2 Battery Replacement for Rollplay 12V Chevy Silverado Brand Product,I,0,0.0,0.0,0.21462227,10,14,6,6,0.0
tie,13881,batterie c,3.7v 500mah Lipo Battery with X4 Battery Charger for UDI U818A U817A U817 U818A-1 RC Drone Quadcopter 4PCS with X4 Battery Charger (Not Compatible for UDI U818A WiFi FPV),I,0,0.0,0.0,0.23259741,13,15,10,10,0.0
tie,13881,batterie c,Explorer 2 (Two) Seater 12V Power Kids Ride-On Car Truck with R/C Parental Remote + EVA Rubber LED Wheels + Leather Seat + MP3 Music Player Bluetooth FM Radio + LED Lights (White),I,0,0.0,0.0,0.19188134,14,16,13,13,0.0
tie,15107,best hyaluronic acid for lips,Hyaluronic Acid Serum for Face Skin Eyes Lips by Joyal Beauty. 100% Pure Best Anti-aging Hydrating Original Hyaluronan for Topical Use. Highest 4% Solution. Best Anti Wrinkle Smoother,E,3,6.247006455974676,0.4607755710976046,0.71302867,1,1,1,1,0.0
tie,15107,best hyaluronic acid for lips,AVANT Hyaluronic Acid Replenishing Lip Serum,E,3,2.0865618527556635,0.07473467313175469,0.7626031,26,2,25,18,0.0
tie,15107,best hyaluronic acid for lips,"Leovard- Lip Luster Hyaluronic Acid Lip Serum | Natural Lip Plumper Lip Care Serum, Lip Enhancer For Fuller lips (2 Pack)",E,3,2.8046019303632996,0.13954604839172574,0.72121763,3,3,8,10,0.0
tie,15107,best hyaluronic acid for lips,"Leovard- Lip Luster Hyaluronic Acid Lip Serum | Natural Lip Plumper Lip Care Serum, Lip Enhancer For Fuller lips (1 Pack)",E,3,2.8046019303632996,0.1397887115285552,0.7191947,4,4,7,11,0.0
tie,15107,best hyaluronic acid for lips,Hyaluronic Acid Lip Balm Long-lasting Nourishing Moisturizing Lips Reduce Fine Lines Relieve Dryness Protect Lip Skin Natural Extract Lip Balm (New Packing),E,3,1.9910397411651983,0.09005481291381913,0.7436006,31,5,16,23,0.0
tie,15107,best hyaluronic acid for lips,"Hyalogic Liquid Synthovial Seven - Oral Hyaluronic Acid Supplement 1oz with Bonus Lip Balm HA Stick - Skin, Body and Lip Hydration",E,3,1.4549160038825455,0.032438387434085496,0.6835054,6,6,38,36,0.0
tie,15107,best hyaluronic acid for lips,"Reel Fill Hyaluronic Acid, 1 ml (20 mg) Derm For Hyaluron Pen",E,3,2.6388513924730006,0.09765003052509341,0.6480533,8,7,13,14,0.0
tie,15107,best hyaluronic acid for lips,INOBELLE-S Cross-Linked Hyaluronic Acid for Hyaluronic Pen,E,3,3.309451006769761,0.17997424416732702,0.6202069,2,8,6,3,0.0
tie,15107,best hyaluronic acid for lips,"Reel Fill Hyaluronic Acid, 1 ml (20 mg) Deep For Hyaluron Pen",E,3,2.6388513924730006,0.09765003052509341,0.640041,9,9,14,15,0.0
tie,15107,best hyaluronic acid for lips,LANBENA Hyaluronic Acid Lip Balm Moisturizing Lips Reduce Fine Lines Relieve Dryness Long-Lasting Protection Nourishing Lip Care (1.8g / 0.06 fl oz),E,3,2.0331806258038876,0.09597012187294399,0.6963892,30,10,15,21,0.0
tie,15107,best hyaluronic acid for lips,Hyaluronic Acid Serum for Face - Anti Aging Serum for Skin and Lips - 100% Pure Medical Quality Hydrating and Moisturizing Face Serum for All Skin Types - Paraben and Fragrance-Free (8oz),I,0,2.819086912428217,0.18254835159665878,0.6556007,19,11,5,9,0.0
tie,15107,best hyaluronic acid for lips,PCA SKIN Hyaluronic Acid Hydrating Lip Booster - Advanced Lip Plumping Moisturizer Treatment (0.24 oz),E,3,1.6718128613872933,0.04489902351816653,0.68982327,39,12,35,34,0.0
tie,15107,best hyaluronic acid for lips,Hyaluronic Acid Serum for Face - Anti Aging Serum for Skin and Lips - 100% Pure Medical Quality Hydrating and Moisturizing Face Serum for All Skin Types - Paraben and Fragrance-Free (2oz),E,3,2.819086912428217,0.18254835159665878,0.65287894,18,13,4,8,0.0
tie,15107,best hyaluronic acid for lips,"Hyaluronic Acid Serum 1 oz, 100% Pure Medical Grade Clinical Strength Hyaluronic Acid- Anti aging serum for your face, lips and décolleté. For dry skin and fine lines.",E,3,3.2363343203850006,0.19058351573351578,0.64354134,23,14,3,4,0.0
tie,15107,best hyaluronic acid for lips,"Maybelline Lifter Gloss Hydrating Lip Gloss with Hyaluronic Acid, Moon, 0.18 Ounce",E,3,1.7592342616486671,0.044787149652015336,0.6067777,5,15,36,33,0.0
tie,15107,best hyaluronic acid for lips,"Neutrogena Hydro Boost Hydrating Lip Conditioning Treatment with Hyaluronic Acid, Texture-Smoothing and Moisturizing, Neutral Shade, 0.10 Oz",E,3,1.5558415151031215,0.03836764833119239,0.6120569,13,16,37,35,0.0
tie,15107,best hyaluronic acid for lips,"TruSkin Hyaluronic Acid Serum for Face with Vitamin C, Vitamin E and Green Tea, Plant-Powered Anti-Aging Facial Skin Care, Best for Firming, Hydrating, Moisturizing, Plumping Fine Lines, 1 fl oz",I,0,4.409331671651582,0.2702319647741507,0.6179522,14,17,2,2,0.0
tie,15107,best hyaluronic acid for lips,"Hyaluronic Acid Pen Accessory, 5 Pcs 0.5ml Ampoule Heads for Anti-Aging Lifting Lip Hyaluronic Acid Pen Accessories",E,3,2.936727989728424,0.11955006223004919,0.61785924,15,18,10,5,0.0
tie,15107,best hyaluronic acid for lips,"TREE OF LIFE Hyaluronic Acid Serum for Face | Hydrating Serum with Vitamin C, Bonus Size, 2 fl oz",E,3,2.281018571345392,0.08314505988550049,0.5865082,7,19,19,17,0.0
tie,15107,best hyaluronic acid for lips,"Sparta Beautiful Hyaluronic Acid, 1 ml For Hyaluron Pen, 20 mg (1 ml)",E,3,2.5716147514304444,0.08325294986908316,0.6007314,12,20,18,16,0.0
tie,15107,best hyaluronic acid for lips,"Hyalogic Hydrating Lip Plumping Balm w/Hyaluronic Acid | Dry Lips | Natural Moisturizing Lip Balm | Gluten & Fragrance Free, Unflavored (0.15oz) 4.25g",E,3,1.3795150709054012,0.0818796595752599,0.58105195,10,21,21,38,0.0
tie,15107,best hyaluronic acid for lips,M3 Naturals Collagen Lip Enhancer with Hyaluronic Acid and Stem Cell Clinically Proven Natural Fuller Softer Lips Reduce Fine Lines Increase Volume Hydrating Gloss Treatment 4 ml,E,3,1.8040778999581786,0.08175544849017133,0.6516752,35,22,22,29,0.0
tie,15107,best hyaluronic acid for lips,"Maybelline New York Maybelline Lifter Gloss Lip Gloss Makeup With Hyaluronic Acid, Opal, 0.18 Fl. Ounce, 012 Opal, 0.18 fluid_ounces (Pack of 2)",S,2,1.3390953921521644,0.024717211932210638,0.5596837,17,23,39,39,0.0
tie,15107,best hyaluronic acid for lips,"Neutrogena Hydro Boost Moisturizing Lip Gloss, Hydrating Non-Stick and Non-Drying Luminous Tinted Lip Shine with Hyaluronic Acid to Soften and Condition Lips, 23 Ballet Pink Color, 0.10 oz",E,3,1.770821304946404,0.07703966252162676,0.59979403,21,24,24,31,0.0
tie,15107,best hyaluronic acid for lips,"Hyalogic Episilk Hydrating Lip Balm w/Hyaluronic Acid | Dry Lips | Natural Moisturizing Lip Balm | Gluten & Fragrance Free, Unflavored (0.5 oz)",E,3,1.3795150709054012,0.08253345994268979,0.5449574,11,25,20,37,0.0
tie,15107,best hyaluronic acid for lips,"L'Oreal Paris Infallible Pro Gloss Plump Lip Gloss with Hyaluronic Acid, Long Lasting Plumping Shine, Lips Look Instantly Fuller and More Plump, Mirror, 0.21 fl. oz.",S,2,1.8040778999581786,0.0721240169017626,0.5700885,20,26,26,30,0.0
tie,15107,best hyaluronic acid for lips,15 Pieces Hyaluronic Acid Pen Accessory Ampoule Head 0.5ml Disposable Ampoule Head Hyaluronic Acid Pen for Face Women Lifting Lip Accessory,E,3,2.7406945129889433,0.08844750313938562,0.58243513,25,27,17,12,0.0
tie,15107,best hyaluronic acid for lips,"Jack Black Nightmode Lip Treatment, 0.25 oz.",E,3,0.0,0.0,0.57543784,40,28,40,40,0.0
tie,15107,best hyaluronic acid for lips,"Hyaluronic Acid Serum for Face by YEOUTH - 100% Pure Clinical Strength Anti Aging Formula! Holds 1,000 Times Its Own Weight in Water, Plumps and Hydrates Skin, All Natural Moisturizer (1oz)",E,3,1.7630328896579528,0.05531234825137934,0.56140614,24,29,32,32,0.0
tie,15107,best hyaluronic acid for lips,"100% Pure Hyaluronic Acid Serum for Skin Contains Natural Moisturizing Factor""""Tri-HA Cell Signaling Complex"""",Fully Moisturized Cells,Awaken Skin Energy,Leave Skin Soft and Smooth (8ml7 bottles)",I,0,1.8605327883128038,0.05472363143904086,0.6090267,34,30,33,26,0.0
tie,15107,best hyaluronic acid for lips,"Eve Hansen Hyaluronic Acid Serum for Face (2 oz) | Hydrating Face Serum with Vitamin C + E, Wrinkle Filler, Moisturizer, and Natural Plumper | Cruelty Free, Vegan Anti Aging Serum",I,0,1.8605327883128038,0.06406329711507078,0.59722334,33,31,29,25,0.0
tie,15107,best hyaluronic acid for lips,City Beauty City Lips - Plumping Lip Gloss - Hydrate & Volumize - All-Day Wear - Hyaluronic Acid & Peptides Visibly Smooth Lip Wrinkles - Cruelty-Free (Los Angelips),E,3,2.0331806258038876,0.07983574886838099,0.49614352,16,32,23,22,0.0
tie,15107,best hyaluronic acid for lips,"Hyaluronic Acid Serum for Skin-- 100% Pure-Highest Quality, Anti-Aging Serum-- Intense Hydration + Moisture, Non-greasy, Paraben-free-Best Hyaluronic Acid for Your Face (Pro Formula) 2 oz",E,3,2.9112891969841552,0.1365532209949364,0.5426153,29,33,9,6,0.0
tie,15107,best hyaluronic acid for lips,"Pure Hyaluronic Acid Serum for Face: Hydrating Serum for Dry Skin/Oily Skin Control, Anti Wrinkle Face Serum, Lip Plumper -Hyaluronic Acid Vitamin C Serum + Aloe Vera, Vitamin E -Boosts Elasticity 4oz",E,3,2.644324793345275,0.11325590848606264,0.5730918,32,34,11,13,0.0
tie,15107,best hyaluronic acid for lips,"Hyaluronic Acid Serum 8 fl oz And 2 fl oz, Made From Pure Hyaluronic Acid, Anti Aging, Anti Wrinkle, Ultra-Hydrating Moisturizer That Reduces Dry Skin Manufactured In USA",E,3,1.8349984128359151,0.05712150064761824,0.5298247,38,35,31,27,0.0
tie,15107,best hyaluronic acid for lips,"20Pcs 0.5ML Dispoable Ampoule Head, Hyaluronic Acid Pen Accessory, Ampoule Heads for Anti-Aging Lifting Lip Hyaluronic Acid Pen Accessories",C,1,2.8352323604781278,0.10436284399017712,0.4796064,22,36,12,7,0.0
tie,15107,best hyaluronic acid for lips,"Asterwood Naturals Pure Hyaluronic Acid Serum for Face; Plumping, Anti-Aging, Hydrating Facial Moisturizer Product – A Hero Ingredient; Fragrance Free, Paraben Free, 59ml/2 oz",E,3,2.049430019908667,0.07182584985821575,0.46414942,27,37,27,19,0.0
tie,15107,best hyaluronic acid for lips,"Asterwood Naturals Pure Hyaluronic Acid Serum for Face; Plumping, Anti-Aging, Hydrating Facial Moisturizer Product – A Hero Ingredient; Fragrance Free, Paraben Free, 237ml/8 oz",E,3,2.049430019908667,0.07182584985821575,0.4581082,28,38,28,20,0.0
tie,15107,best hyaluronic acid for lips,"Asterwood Naturals Pure Hyaluronic Acid Serum for Face; Plumping Anti-Aging Face Serum, Hydrating Facial Skin Care Product, Fragrance Free, Pairs Well with Vitamin C Serum & Retinol Serum, 29ml/1 oz",S,2,1.826856293577392,0.062020500435817555,0.4704029,36,39,30,28,0.0
tie,15107,best hyaluronic acid for lips,"0.3ML/0.5ML Hyaluronic Acid Syringe Pen, 2 in 1 Hyaluron Pen Set Professional Beauty Atomizer Needle Free Pen Moisturing Micro Injector Skin Care Nebulizer-NO Include Hyaluronic Acid",C,1,1.8864449630964915,0.05415006833242218,0.38564408,37,40,34,24,0.0
